[
  {
    "doctype": "DocField",
    "name": "2f371686381",
    "creation": "2013-01-10 16:34:22.000000",
    "modified": "2019-11-05 20:20:21.537934",
    "modified_by": "Administrator",
    "owner": "Administrator",
    "docstatus": 0,
    "parent": "SMS Center",
    "parentfield": "fields",
    "parenttype": "DocType",
    "idx": 14,
    "fieldname": "send_whatsapp",
    "label": "Send Whatsapp",
    "oldfieldname": null,
    "fieldtype": "Button",
    "oldfieldtype": null,
    "options": "",
    "search_index": 0,
    "hidden": 0,
    "set_only_once": 0,
    "allow_in_quick_entry": 0,
    "print_hide": 0,
    "report_hide": 0,
    "reqd": 0,
    "bold": 0,
    "in_global_search": 0,
    "collapsible": 0,
    "unique": 0,
    "no_copy": 0,
    "allow_on_submit": 0,
    "show_preview_popup": 0,
    "trigger": null,
    "collapsible_depends_on": null,
    "depends_on": null,
    "permlevel": 0,
    "ignore_user_permissions": 0,
    "width": null,
    "print_width": null,
    "columns": 0,
    "default": null,
    "description": null,
    "in_list_view": 0,
    "fetch_if_empty": 0,
    "in_filter": 0,
    "remember_last_selected_value": 0,
    "ignore_xss_filter": 0,
    "print_hide_if_no_value": 0,
    "allow_bulk_edit": 0,
    "in_standard_filter": 0,
    "in_preview": 0,
    "read_only": 0,
    "precision": null,
    "length": 0,
    "translatable": 0,
    "fetch_from": null
  }
]
